{"cameraMode":{"drawMode":0,"name":"Shaded","section":"Shading Mode"},"sceneLighting":true,"audioPlay":false,"sceneViewState":{"showFog":true,"showMaterialUpdate":false,"showSkybox":true,"showFlares":true,"showImageEffects":true,"showParticleSystems":true,"showVisualEffectGraphs":true,"m_FxEnabled":true},"in2DMode":false,"pivot":{"x":13.080161094665528,"y":1.235207200050354,"z":2.440127372741699},"rotation":{"x":0.17926204204559327,"y":-0.026569800451397897,"z":0.004819362424314022,"w":0.983385443687439},"size":6.322666645050049,"orthographic":false}